id,name,email,address,phone_number
300,User1,user1@example.com,Address1,123456789
301,User2,user2@example.com,Address2,123456790
302,User3,user3@example.com,Address3,123456791
303,User4,user4@example.com,Address4,123456792
10031,Mario,mario.santos@example.com,Santander,974-545-887
18015,Vildan,vildan.asikoglu@example.com,Ordu,(467)-060-7380
80013,Viljami,viljami.leinonen@example.com,Tervo,03-290-227
17133,Esma,esma.ayaydin@example.com,??rnak,(356)-452-7495
77621,Bebiano,bebiano.fogaca@example.com,Santa Maria,(87) 1889-9474
89195,Cameron,cameron.williams@example.com,Invercargill,(692)-991-1750
